"","State","Number.of.districts","Minimum","Maximum","Mean","year"
"1","      National Total","15,553","$0 ","$9,452,532,000 ","$18,121,987 ",1995
"2","Alabama","127","3,664,000","261,093,000","26,404,425",1995
"3","Alaska","54","721,000","386,331,000","22,292,907",1995
"4","Arizona","228","18,000","353,292,000","17,790,697",1995
"5","Arkansas","328","632,000","158,337,000","6,570,229",1995
"6","California","1,082","82,000","3,708,071,000","27,816,576",1995
"7","Colorado","194","152,000","590,916,000","19,413,356",1995
"8","Connecticut","166","532,000","246,576,000","25,615,596",1995
"9","Delaware","19","4,527,000","139,993,000","40,666,789",1995
"10","District of Columbia","1","708,224,000","708,224,000","708,224,000",1995
"11","Florida","67","5,839,000","2,364,342,000","201,104,134",1995
"12","Georgia","196","1,032,000","534,606,000","37,205,444",1995
"13","Hawaii","1","1,157,159,000","1,157,159,000","1,157,159,000",1995
"14","Idaho","112","47,000","126,587,000","9,893,527",1995
"15","Illinois","916","28,000","2,596,657,000","12,906,123",1995
"16","Indiana","313","247,000","351,113,000","20,375,498",1995
"17","Iowa","405","0","198,675,000","7,656,227",1995
"18","Kansas","304","876,000","259,101,000","9,068,099",1995
"19","Kentucky","176","1,129,000","527,190,000","19,348,153",1995
"20","Louisiana","66","7,394,000","399,681,000","56,600,045",1995
"21","Maine","291","0","64,714,000","4,944,326",1995
"22","Maryland","24","19,698,000","1,031,200,000","233,753,167",1995
"23","Massachusetts","426","3,000","566,133,000","15,741,981",1995
"24","Michigan","618","37,000","1,276,506,000","20,190,450",1995
"25","Minnesota","467","0","418,576,000","13,180,565",1995
"26","Mississippi","153","1,624,000","157,596,000","14,118,092",1995
"27","Missouri","529","156,000","428,168,000","9,370,917",1995
"28","Montana","502","2,000","49,101,000","1,792,102",1995
"29","Nebraska","697","2,000","257,276,000","2,689,029",1995
"30","Nevada","17","1,292,000","800,106,000","81,247,059",1995
"31","New Hampshire","176","12,000","76,764,000","7,002,642",1995
"32","New Jersey","616","142,000","568,904,000","19,456,865",1995
"33","New Mexico","89","870,000","431,433,000","17,311,045",1995
"34","New York","712","223,000","9,452,532,000","37,276,639",1995
"35","North Carolina","119","5,739,000","544,563,000","52,251,689",1995
"36","North Dakota","270","30,000","60,707,000","2,303,348",1995
"37","Ohio","740","44,000","515,843,000","15,310,873",1995
"38","Oklahoma","585","182,000","249,588,000","5,437,282",1995
"39","Oregon","279","47,000","354,474,000","11,670,194",1995
"40","Pennsylvania","605","5,000","1,353,311,000","23,364,945",1995
"41","Rhode Island","36","1,725,000","175,417,000","29,409,556",1995
"42","South Carolina","106","478,000","263,670,000","31,006,349",1995
"43","South Dakota","177","131,000","103,846,000","3,920,701",1995
"44","Tennessee","140","94,000","509,267,000","28,278,379",1995
"45","Texas","1,062","10,000","1,068,849,000","19,015,514",1995
"46","Utah","40","1,937,000","331,502,000","51,133,275",1995
"47","Vermont","325","50,000","27,807,000","2,742,726",1995
"48","Virginia","157","146,000","1,058,377,000","41,980,879",1995
"49","Washington","305","165,000","326,237,000","20,330,341",1995
"50","West Virginia","55","6,562,000","192,890,000","35,147,745",1995
"51","Wisconsin","431","574,000","749,937,000","14,053,026",1995
"52","Wyoming","49","782,000","79,720,000","13,121,122",1995
"53","National","15,506","$0 ","$9,477,476,000 ","$19,201,631 ",1996
"54","Alabama","127","4,120,000","287,220,000","28,128,213",1996
"55","Alaska","54","714,000","409,045,000","22,963,537",1996
"56","Arizona","229","8,000","366,169,000","19,177,096",1996
"57","Arkansas","327","576,000","162,630,000","7,025,630",1996
"58","California","1,081","85,000","4,034,260,000","29,196,755",1996
"59","Colorado","195","0","568,776,000","20,898,272",1996
"60","Connecticut","174","0","270,621,000","26,081,805",1996
"61","Delaware","19","5,111,000","151,293,000","43,343,684",1996
"62","District of Columbia","1","703,245,000","703,245,000","703,245,000",1996
"63","Florida","67","6,015,000","2,464,887,000","208,003,582",1996
"64","Georgia","196","1,113,000","577,293,000","40,480,786",1996
"65","Hawaii","1","1,231,550,000","1,231,550,000","1,231,550,000",1996
"66","Idaho","112","51,000","139,238,000","10,698,420",1996
"67","Illinois","907","205,000","2,674,339,000","13,696,913",1996
"68","Indiana","314","256,000","347,071,000","21,159,347",1996
"69","Iowa","399","799,000","209,202,000","8,231,038",1996
"70","Kansas","304","868,000","270,741,000","9,893,595",1996
"71","Kentucky","176","1,177,000","557,368,000","21,741,108",1996
"72","Louisiana","66","7,321,000","404,631,000","57,808,712",1996
"73","Maine","292","0","63,527,000","5,017,442",1996
"74","Maryland","24","20,649,000","1,123,383,000","242,733,583",1996
"75","Massachusetts","413","2,000","662,758,000","18,110,354",1996
"76","Michigan","656","34,000","1,374,703,000","19,926,666",1996
"77","Minnesota","448","0","456,144,000","14,337,685",1996
"78","Mississippi","153","1,648,000","156,880,000","14,828,275",1996
"79","Missouri","525","259,000","404,945,000","10,052,918",1996
"80","Montana","491","5,000","49,539,000","1,882,401",1996
"81","Nebraska","686","2,000","265,861,000","2,829,165",1996
"82","Nevada","17","1,426,000","968,135,000","94,646,412",1996
"83","New Hampshire","176","29,000","78,317,000","7,358,557",1996
"84","New Jersey","615","7,000","579,926,000","20,275,148",1996
"85","New Mexico","89","862,000","440,409,000","18,455,247",1996
"86","New York","710","135,000","9,477,476,000","37,992,273",1996
"87","North Carolina","119","5,987,000","600,681,000","54,765,639",1996
"88","North Dakota","265","33,000","62,556,000","2,482,298",1996
"89","Ohio","741","0","524,212,000","16,107,398",1996
"90","Oklahoma","585","171,000","208,325,000","5,462,267",1996
"91","Oregon","266","49,000","379,017,000","13,194,605",1996
"92","Pennsylvania","605","102,000","1,453,391,000","24,874,035",1996
"93","Rhode Island","36","1,748,000","176,809,000","30,346,083",1996
"94","South Carolina","106","565,000","271,287,000","32,959,623",1996
"95","South Dakota","177","112,000","98,283,000","3,897,277",1996
"96","Tennessee","140","66,000","570,157,000","30,601,293",1996
"97","Texas","1,063","24,000","1,141,288,000","21,074,127",1996
"98","Utah","40","2,038,000","321,835,000","53,767,975",1996
"99","Vermont","325","44,000","30,990,000","3,002,514",1996
"100","Virginia","155","150,000","1,067,069,000","44,537,961",1996
"101","Washington","305","145,000","327,451,000","21,568,485",1996
"102","West Virginia","55","6,938,000","193,581,000","35,215,418",1996
"103","Wisconsin","430","644,000","769,136,000","15,165,251",1996
"104","Wyoming","49","655,000","82,590,000","13,802,143",1996
"105","National","15,679","$0 ","$10,041,575,000 ","$20,145,495 ",1997
"106","Alabama","127","4,152,000","322,818,000","31,209,638",1997
"107","Alaska","53","721,000","390,032,000","23,341,566",1997
"108","Arizona","228","5,000","393,120,000","19,440,175",1997
"109","Arkansas","326","0","166,040,000","7,299,067",1997
"110","California","1,084","60,000","4,019,716,000","31,238,267",1997
"111","Colorado","195","0","535,233,000","22,554,851",1997
"112","Connecticut","174","0","261,641,000","26,682,960",1997
"113","Delaware","19","5,227,000","174,067,000","46,822,684",1997
"114","District of Columbia","1","686,059,000","686,059,000","686,059,000",1997
"115","Florida","67","6,883,000","2,533,475,000","217,384,328",1997
"116","Georgia","196","1,259,000","638,073,000","43,283,046",1997
"117","Hawaii","1","1,241,375,000","1,241,375,000","1,241,375,000",1997
"118","Idaho","112","55,000","166,283,000","11,550,938",1997
"119","Illinois","1,096","0","2,887,795,000","12,701,271",1997
"120","Indiana","315","198,000","400,860,000","23,254,241",1997
"121","Iowa","394","826,000","225,455,000","8,846,038",1997
"122","Kansas","304","858,000","269,485,000","9,702,658",1997
"123","Kentucky","176","1,194,000","614,645,000","22,176,926",1997
"124","Louisiana","66","7,622,000","417,561,000","61,018,606",1997
"125","Maine","292","0","63,029,000","5,231,723",1997
"126","Maryland","24","20,921,000","1,200,830,000","259,046,667",1997
"127","Massachusetts","436","0","650,749,000","17,154,603",1997
"128","Michigan","691","47,000","1,328,308,000","20,601,884",1997
"129","Minnesota","425","4,000","532,269,000","16,213,584",1997
"130","Mississippi","153","1,685,000","173,261,000","15,158,980",1997
"131","Missouri","525","307,000","377,393,000","10,528,962",1997
"132","Montana","490","4,000","52,317,000","1,983,794",1997
"133","Nebraska","674","3,000","268,982,000","2,888,316",1997
"134","Nevada","17","1,581,000","1,249,628,000","112,114,118",1997
"135","New Hampshire","177","36,000","87,413,000","8,087,412",1997
"136","New Jersey","615","8,000","552,921,000","21,531,743",1997
"137","New Mexico","89","1,000,000","483,989,000","20,522,742",1997
"138","New York","707","162,000","10,041,575,000","39,925,829",1997
"139","North Carolina","117","6,077,000","676,890,000","59,894,786",1997
"140","North Dakota","263","45,000","67,104,000","2,584,380",1997
"141","Ohio","736","56,000","579,150,000","16,877,667",1997
"142","Oklahoma","586","149,000","225,473,000","5,786,509",1997
"143","Oregon","243","34,000","437,178,000","15,607,292",1997
"144","Pennsylvania","604","85,000","1,521,278,000","26,121,318",1997
"145","Rhode Island","36","1,914,000","197,310,000","32,656,611",1997
"146","South Carolina","106","571,000","310,146,000","36,994,953",1997
"147","South Dakota","177","107,000","98,157,000","4,017,243",1997
"148","Tennessee","139","1,112,000","598,452,000","33,779,921",1997
"149","Texas","1,062","24,000","1,173,751,000","22,289,087",1997
"150","Utah","40","2,361,000","314,758,000","54,469,450",1997
"151","Vermont","328","37,000","30,035,000","3,260,052",1997
"152","Virginia","154","0","1,189,644,000","48,287,922",1997
"153","Washington","305","109,000","338,787,000","22,269,708",1997
"154","West Virginia","55","7,460,000","201,594,000","36,694,273",1997
"155","Wisconsin","430","599,000","815,836,000","16,256,951",1997
"156","Wyoming","49","755,000","77,984,000","14,186,265",1997
"157","National","15,728","$0 ","$10,799,265,000 ","$21,405,162 ",1998
"158","Alabama","127","4,555,000","349,729,000","33,425,457",1998
"159","Alaska","53","794,000","388,045,000","23,073,453",1998
"160","Arizona","335","2,000","404,187,000","14,384,269",1998
"161","Arkansas","326","687,000","173,617,000","7,779,224",1998
"162","California","1,077","96,000","4,618,160,000","35,364,592",1998
"163","Colorado","195","162,000","613,875,000","24,303,262",1998
"164","Connecticut","184","0","264,529,000","26,192,429",1998
"165","Delaware","20","0","181,056,000","45,760,350",1998
"166","District of Columbia","1","716,740,000","716,740,000","716,740,000",1998
"167","Florida","67","6,176,000","2,501,659,000","226,199,746",1998
"168","Georgia","196","1,210,000","635,429,000","45,871,923",1998
"169","Hawaii","1","1,266,378,000","1,266,378,000","1,266,378,000",1998
"170","Idaho","112","59,000","188,536,000","11,988,563",1998
"171","Illinois","1,046","0","3,446,592,000","14,538,305",1998
"172","Indiana","315","316,000","411,438,000","24,282,867",1998
"173","Iowa","392","884,000","232,287,000","9,311,954",1998
"174","Kansas","304","891,000","290,060,000","10,155,651",1998
"175","Kentucky","176","1,239,000","678,960,000","22,832,455",1998
"176","Louisiana","66","8,494,000","451,291,000","66,360,561",1998
"177","Maine","292","0","65,134,000","5,484,284",1998
"178","Maryland","24","23,817,000","1,202,495,000","271,641,208",1998
"179","Massachusetts","392","0","733,174,000","20,660,000",1998
"180","Michigan","719","8,000","1,345,361,000","20,731,245",1998
"181","Minnesota","445","6,000","525,377,000","15,363,634",1998
"182","Mississippi","152","1,776,000","186,553,000","16,733,250",1998
"183","Missouri","525","384,000","381,947,000","11,142,187",1998
"184","Montana","483","3,000","51,952,000","2,085,188",1998
"185","Nebraska","657","1,000","280,752,000","2,993,003",1998
"186","Nevada","17","1,432,000","1,356,279,000","119,415,588",1998
"187","New Hampshire","177","35,000","91,088,000","8,070,322",1998
"188","New Jersey","615","8,000","597,254,000","22,720,652",1998
"189","New Mexico","89","1,123,000","486,554,000","21,725,146",1998
"190","New York","706","169,000","10,799,265,000","42,439,589",1998
"191","North Carolina","151","109,000","657,885,000","51,069,689",1998
"192","North Dakota","260","41,000","71,895,000","2,750,485",1998
"193","Ohio","727","69,000","542,906,000","17,888,997",1998
"194","Oklahoma","586","122,000","280,623,000","6,173,956",1998
"195","Oregon","220","78,000","462,026,000","17,907,827",1998
"196","Pennsylvania","609","113,000","1,510,785,000","26,987,282",1998
"197","Rhode Island","36","2,047,000","216,712,000","33,932,167",1998
"198","South Carolina","98","608,000","355,325,000","43,277,173",1998
"199","South Dakota","176","142,000","117,244,000","4,439,085",1998
"200","Tennessee","138","1,127,000","660,359,000","36,146,435",1998
"201","Texas","1,080","0","1,231,086,000","23,835,740",1998
"202","Utah","40","2,404,000","368,897,000","58,165,275",1998
"203","Vermont","328","26,000","32,728,000","3,245,085",1998
"204","Virginia","155","169,000","1,259,058,000","50,411,013",1998
"205","Washington","305","118,000","411,155,000","23,644,593",1998
"206","West Virginia","55","8,356,000","218,909,000","38,197,109",1998
"207","Wisconsin","430","618,000","871,670,000","17,516,535",1998
"208","Wyoming","48","1,507,000","80,446,000","14,725,021",1998
"209","National","15,924","$0 ","$11,934,742,000 ","$22,669,334 ",1999
"210","Alabama","128","5,085,000","370,044,000","36,115,703",1999
"211","Alaska","53","684,000","397,391,000","24,339,396",1999
"212","Arizona","360","9,000","429,412,000","14,549,567",1999
"213","Arkansas","325","706,000","197,452,000","8,156,332",1999
"214","California","1,096","4,000","5,022,116,000","37,257,886",1999
"215","Colorado","196","0","659,387,000","25,715,429",1999
"216","Connecticut","187","0","315,605,000","28,242,385",1999
"217","Delaware","20","2,896,000","190,400,000","48,161,550",1999
"218","District of Columbia","1","738,942,000","738,942,000","738,942,000",1999
"219","Florida","67","7,216,000","2,590,752,000","241,146,597",1999
"220","Georgia","196","1,389,000","769,518,000","51,564,643",1999
"221","Hawaii","1","1,357,649,000","1,357,649,000","1,357,649,000",1999
"222","Idaho","112","63,000","180,910,000","12,583,634",1999
"223","Illinois","1,075","0","3,974,772,000","15,612,874",1999
"224","Indiana","315","197,000","418,032,000","26,021,314",1999
"225","Iowa","390","956,000","238,754,000","9,715,510",1999
"226","Kansas","304","920,000","300,312,000","10,492,984",1999
"227","Kentucky","176","1,328,000","737,753,000","24,464,080",1999
"228","Louisiana","66","8,729,000","487,084,000","71,249,939",1999
"229","Maine","293","1,000","72,526,000","5,801,485",1999
"230","Maryland","24","23,529,000","1,258,020,000","287,178,167",1999
"231","Massachusetts","396","0","782,676,000","21,902,624",1999
"232","Michigan","750","18,000","1,481,433,000","21,117,144",1999
"233","Minnesota","454","1,000","648,826,000","16,497,174",1999
"234","Mississippi","152","1,478,000","193,360,000","18,499,026",1999
"235","Missouri","525","0","405,696,000","11,862,859",1999
"236","Montana","481","3,000","54,254,000","2,133,603",1999
"237","Nebraska","622","5,000","278,056,000","3,315,476",1999
"238","Nevada","18","1,019,000","1,593,172,000","127,749,611",1999
"239","New Hampshire","177","32,000","92,994,000","8,426,893",1999
"240","New Jersey","614","17,000","616,379,000","24,311,567",1999
"241","New Mexico","89","1,136,000","521,110,000","23,584,247",1999
"242","New York","706","169,000","11,934,742,000","45,252,551",1999
"243","North Carolina","175","62,000","794,907,000","49,822,994",1999
"244","North Dakota","257","47,000","89,068,000","2,942,946",1999
"245","Ohio","729","73,000","614,322,000","19,024,166",1999
"246","Oklahoma","586","102,000","261,125,000","6,515,099",1999
"247","Oregon","219","89,000","449,582,000","19,052,215",1999
"248","Pennsylvania","637","13,000","1,738,060,000","26,928,942",1999
"249","Rhode Island","36","2,248,000","238,574,000","35,806,806",1999
"250","South Carolina","98","643,000","403,272,000","47,045,265",1999
"251","South Dakota","176","142,000","117,358,000","4,761,807",1999
"252","Tennessee","138","1,270,000","743,879,000","39,467,790",1999
"253","Texas","1,142","21,000","1,328,279,000","24,502,137",1999
"254","Utah","40","2,373,000","381,939,000","61,214,775",1999
"255","Vermont","328","34,000","33,558,000","3,445,067",1999
"256","Virginia","156","0","1,337,097,000","53,435,083",1999
"257","Washington","305","124,000","440,531,000","24,554,521",1999
"258","West Virginia","55","7,960,000","235,345,000","39,444,218",1999
"259","Wisconsin","430","660,000","942,361,000","18,315,826",1999
"260","Wyoming","48","1,333,000","89,950,000","15,396,229",1999
"261","National","15,953","$0 ","$12,342,804,000 ","$24,265,712 ",2000
"262","Alabama","128","5,664,000","401,336,000","39,088,023",2000
"263","Alaska","53","907,000","442,420,000","26,168,000",2000
"264","Arizona","232","4,000","445,259,000","23,263,767",2000
"265","Arkansas","325","722,000","171,336,000","8,256,615",2000
"266","California","1,093","3,000","5,420,500,000","41,930,241",2000
"267","Colorado","195","175,000","782,622,000","27,918,938",2000
"268","Connecticut","181","0","356,688,000","31,033,227",2000
"269","Delaware","24","592,000","192,070,000","43,653,625",2000
"270","District of Columbia","1","858,807,000","858,807,000","858,807,000",2000
"271","Florida","67","6,740,000","2,656,802,000","256,432,149",2000
"272","Georgia","196","1,571,000","846,907,000","55,533,214",2000
"273","Hawaii","1","1,363,511,000","1,363,511,000","1,363,511,000",2000
"274","Idaho","113","66,000","178,720,000","13,043,920",2000
"275","Illinois","1,067","0","3,884,516,000","16,938,322",2000
"276","Indiana","317","274,000","435,436,000","26,872,167",2000
"277","Iowa","390","954,000","262,192,000","10,191,828",2000
"278","Kansas","304","842,000","317,344,000","10,944,375",2000
"279","Kentucky","176","1,254,000","758,643,000","25,630,523",2000
"280","Louisiana","66","8,306,000","521,286,000","72,834,803",2000
"281","Maine","293","7,000","74,685,000","6,287,631",2000
"282","Maryland","24","24,041,000","1,402,217,000","306,487,417",2000
"283","Massachusetts","391","0","796,948,000","24,210,647",2000
"284","Michigan","781","62,000","1,579,543,000","21,229,867",2000
"285","Minnesota","467","0","665,586,000","16,701,642",2000
"286","Mississippi","152","1,695,000","204,472,000","19,713,645",2000
"287","Missouri","524","420,000","453,438,000","12,802,687",2000
"288","Montana","476","4,000","56,188,000","2,209,597",2000
"289","Nebraska","605","3,000","297,304,000","3,579,387",2000
"290","Nevada","17","1,545,000","1,670,203,000","143,662,353",2000
"291","New Hampshire","177","40,000","105,877,000","9,267,768",2000
"292","New Jersey","654","0","620,971,000","24,409,576",2000
"293","New Mexico","89","1,254,000","543,882,000","24,326,191",2000
"294","New York","705","160,000","12,342,804,000","47,931,340",2000
"295","North Carolina","194","30,000","874,312,000","48,198,242",2000
"296","North Dakota","258","48,000","98,365,000","3,111,504",2000
"297","Ohio","772","0","637,748,000","19,370,163",2000
"298","Oklahoma","583","170,000","270,756,000","6,649,864",2000
"299","Oregon","218","22,000","440,654,000","20,175,771",2000
"300","Pennsylvania","652","46,000","1,829,299,000","27,522,043",2000
"301","Rhode Island","36","3,118,000","255,633,000","38,568,167",2000
"302","South Carolina","98","732,000","396,831,000","50,626,449",2000
"303","South Dakota","176","134,000","130,324,000","5,105,733",2000
"304","Tennessee","138","1,494,000","810,806,000","42,066,529",2000
"305","Texas","1,203","3,000","1,547,007,000","26,219,685",2000
"306","Utah","40","2,297,000","359,377,000","61,960,500",2000
"307","Vermont","329","54,000","35,560,000","3,628,611",2000
"308","Virginia","134","3,078,000","1,496,767,000","68,318,478",2000
"309","Washington","305","129,000","489,743,000","25,612,908",2000
"310","West Virginia","55","8,246,000","240,477,000","40,792,055",2000
"311","Wisconsin","430","704,000","1,010,289,000","19,030,816",2000
"312","Wyoming","48","1,533,000","92,171,000","16,040,063",2000
"313","National","16,213","$0 ","$14,468,373,000 ","$25,777,978 ",2001
"314","Alabama","128","5,128,000","409,068,000","39,734,727",2001
"315","Alaska","53","988,000","434,059,000","26,468,660",2001
"316","Arizona","432","0","444,292,000","14,098,632",2001
"317","Arkansas","324","754,000","204,040,000","9,110,114",2001
"318","California","1,092","4,000","6,065,112,000","47,694,634",2001
"319","Colorado","195","229,000","786,341,000","29,374,185",2001
"320","Connecticut","188","0","356,695,000","31,949,707",2001
"321","Delaware","26","800,000","217,508,000","45,908,038",2001
"322","District of Columbia","1","1,026,146,000","1,026,146,000","1,026,146,000",2001
"323","Florida","67","7,473,000","2,920,678,000","274,468,567",2001
"324","Georgia","196","1,576,000","898,469,000","60,478,571",2001
"325","Hawaii","1","1,363,164,000","1,363,164,000","1,363,164,000",2001
"326","Idaho","113","66,000","190,286,000","13,649,690",2001
"327","Illinois","1,055","0","4,015,816,000","18,329,460",2001
"328","Indiana","317","166,000","451,634,000","28,365,543",2001
"329","Iowa","389","944,000","287,835,000","10,826,460",2001
"330","Kansas","304","762,000","334,781,000","11,483,648",2001
"331","Kentucky","176","1,280,000","716,835,000","24,719,250",2001
"332","Louisiana","66","8,883,000","510,232,000","74,846,879",2001
"333","Maine","292","7,000","79,718,000","6,707,692",2001
"334","Maryland","24","25,715,000","1,453,226,000","332,556,750",2001
"335","Massachusetts","392","0","884,405,000","26,969,740",2001
"336","Michigan","794","59,000","1,624,805,000","22,133,200",2001
"337","Minnesota","475","0","685,514,000","17,501,215",2001
"338","Mississippi","152","1,898,000","214,874,000","19,278,901",2001
"339","Missouri","524","434,000","497,125,000","13,550,926",2001
"340","Montana","474","8,000","57,975,000","2,382,063",2001
"341","Nebraska","581","2,000","334,507,000","4,035,394",2001
"342","Nevada","17","1,352,000","1,851,678,000","158,815,647",2001
"343","New Hampshire","176","20,000","118,379,000","10,204,790",2001
"344","New Jersey","663","79,000","671,859,000","26,013,941",2001
"345","New Mexico","89","1,243,000","581,863,000","26,089,730",2001
"346","New York","704","0","14,468,373,000","54,221,365",2001
"347","North Carolina","207","132,000","991,075,000","47,857,314",2001
"348","North Dakota","257","47,000","87,313,000","3,170,576",2001
"349","Ohio","793","0","718,537,000","20,532,480",2001
"350","Oklahoma","588","92,000","308,253,000","7,305,903",2001
"351","Oregon","218","141,000","471,090,000","21,632,771",2001
"352","Pennsylvania","666","0","1,960,130,000","28,027,811",2001
"353","Rhode Island","36","2,472,000","276,976,000","41,781,250",2001
"354","South Carolina","98","765,000","474,055,000","56,046,316",2001
"355","South Dakota","176","151,000","135,815,000","5,437,295",2001
"356","Tennessee","138","1,876,000","963,968,000","44,678,703",2001
"357","Texas","1,224","65,000","1,812,344,000","27,300,493",2001
"358","Utah","40","2,637,000","387,468,000","66,826,000",2001
"359","Vermont","329","48,000","36,994,000","3,971,164",2001
"360","Virginia","134","3,108,000","1,615,620,000","73,602,351",2001
"361","Washington","296","129,000","504,858,000","27,115,993",2001
"362","West Virginia","55","8,288,000","251,161,000","42,001,782",2001
"363","Wisconsin","430","734,000","1,007,365,000","19,941,405",2001
"364","Wyoming","48","1,639,000","95,782,000","16,415,604",2001
"365","National","16,258","$0 ","$14,503,641,000 ","$27,324,330 ",2002
"366","Alabama","128","5,202,000","447,067,000","40,217,352",2002
"367","Alaska","53","513,000","482,528,000","28,742,019",2002
"368","Arizona","487","2,000","447,424,000","12,984,472",2002
"369","Arkansas","326","698,000","226,118,000","9,472,856",2002
"370","California","1,092","4,000","6,686,318,000","51,707,166",2002
"371","Colorado","199","48,000","802,661,000","31,342,422",2002
"372","Connecticut","189","0","347,815,000","34,365,529",2002
"373","Delaware","31","0","214,986,000","41,120,452",2002
"374","District of Columbia","1","1,145,684,000","1,145,684,000","1,145,684,000",2002
"375","Florida","67","7,180,000","2,930,784,000","284,344,015",2002
"376","Georgia","196","1,858,000","1,008,202,000","64,746,648",2002
"377","Hawaii","1","1,436,637,000","1,436,637,000","1,436,637,000",2002
"378","Idaho","114","96,000","200,068,000","14,725,096",2002
"379","Illinois","1,034","0","3,989,543,000","19,886,848",2002
"380","Indiana","317","43,000","447,727,000","29,505,038",2002
"381","Iowa","386","970,000","314,695,000","11,446,212",2002
"382","Kansas","303","662,000","382,821,000","12,180,908",2002
"383","Kentucky","176","1,330,000","773,265,000","25,804,943",2002
"384","Louisiana","66","9,432,000","532,903,000","80,276,773",2002
"385","Maine","293","1,000","84,721,000","7,020,553",2002
"386","Maryland","24","28,186,000","1,605,083,000","357,018,583",2002
"387","Massachusetts","384","0","958,827,000","29,968,297",2002
"388","Michigan","798","75,000","1,919,787,000","23,672,598",2002
"389","Minnesota","484","0","661,446,000","18,220,089",2002
"390","Mississippi","152","2,132,000","218,370,000","19,908,625",2002
"391","Missouri","524","460,000","537,099,000","14,574,282",2002
"392","Montana","473","5,000","59,481,000","2,460,803",2002
"393","Nebraska","552","8,000","394,624,000","4,643,159",2002
"394","Nevada","17","1,415,000","2,048,404,000","172,106,059",2002
"395","New Hampshire","176","65,000","141,802,000","11,113,903",2002
"396","New Jersey","660","72,000","752,093,000","27,678,891",2002
"397","New Mexico","89","1,351,000","639,404,000","28,814,337",2002
"398","New York","702","177,000","14,503,641,000","56,552,167",2002
"399","North Carolina","211","122,000","984,394,000","47,380,668",2002
"400","North Dakota","248","52,000","89,627,000","3,381,718",2002
"401","Ohio","805","93,000","766,012,000","22,068,412",2002
"402","Oklahoma","572","294,000","352,958,000","7,811,091",2002
"403","Oregon","219","117,000","468,504,000","22,742,388",2002
"404","Pennsylvania","689","0","1,987,020,000","29,356,853",2002
"405","Rhode Island","36","3,272,000","295,784,000","44,446,861",2002
"406","South Carolina","96","784,000","499,840,000","61,431,896",2002
"407","South Dakota","176","114,000","138,284,000","5,622,114",2002
"408","Tennessee","138","1,804,000","925,389,000","46,111,283",2002
"409","Texas","1,239","169,000","1,884,168,000","29,048,508",2002
"410","Utah","40","2,488,000","402,585,000","73,207,900",2002
"411","Vermont","332","10,000","39,165,000","4,195,684",2002
"412","Virginia","134","2,994,000","1,714,514,000","76,188,037",2002
"413","Washington","296","153,000","565,568,000","28,252,216",2002
"414","West Virginia","55","8,951,000","257,066,000","44,133,018",2002
"415","Wisconsin","430","751,000","1,071,771,000","20,613,874",2002
"416","Wyoming","48","1,838,000","102,592,000","18,095,979",2002
"417","National","16,342","$0 ","$15,233,917,000 ","$28,398,919 ",2003
"418","Alabama","129","1,413,000","471,711,000","41,076,992",2003
"419","Alaska","53","558,000","528,943,000","30,382,811",2003
"420","Arizona","531","5,000","470,406,000","12,377,043",2003
"421","Arkansas","329","498,000","252,263,000","9,868,419",2003
"422","California","1,089","4,000","7,554,624,000","54,866,745",2003
"423","Colorado","198","62,000","827,039,000","33,762,773",2003
"424","Connecticut","189","0","343,611,000","35,825,175",2003
"425","Delaware","32","43,000","220,609,000","42,401,500",2003
"426","District of Columbia","1","1,105,963,000","1,105,963,000","1,105,963,000",2003
"427","Florida","67","8,600,000","3,008,568,000","301,196,149",2003
"428","Georgia","196","2,120,000","1,131,938,000","68,963,179",2003
"429","Hawaii","1","1,602,392,000","1,602,392,000","1,602,392,000",2003
"430","Idaho","114","60,000","197,441,000","15,148,605",2003
"431","Illinois","1,034","13,000","4,159,228,000","20,578,508",2003
"432","Indiana","327","250,000","465,628,000","29,935,572",2003
"433","Iowa","386","1,084,000","337,023,000","11,704,637",2003
"434","Kansas","302","643,000","392,510,000","12,644,834",2003
"435","Kentucky","176","1,428,000","770,624,000","26,707,352",2003
"436","Louisiana","66","9,556,000","507,741,000","83,565,485",2003
"437","Maine","293","1,000","86,836,000","7,351,935",2003
"438","Maryland","24","28,199,000","1,675,750,000","363,854,917",2003
"439","Massachusetts","377","0","1,000,697,000","30,192,037",2003
"440","Michigan","798","85,000","2,005,909,000","24,668,811",2003
"441","Minnesota","493","0","646,658,000","18,378,874",2003
"442","Mississippi","152","2,532,000","220,620,000","21,086,796",2003
"443","Missouri","524","492,000","554,826,000","15,086,796",2003
"444","Montana","471","4,000","67,930,000","2,579,361",2003
"445","Nebraska","535","4,000","427,678,000","4,904,609",2003
"446","Nevada","17","1,518,000","2,107,939,000","177,001,647",2003
"447","New Hampshire","176","55,000","148,835,000","12,060,250",2003
"448","New Jersey","661","61,000","923,035,000","30,169,920",2003
"449","New Mexico","89","1,224,000","652,752,000","29,866,742",2003
"450","New York","702","231,000","15,233,917,000","59,442,313",2003
"451","North Carolina","210","207,000","996,960,000","48,228,771",2003
"452","North Dakota","247","49,000","98,024,000","3,624,607",2003
"453","Ohio","843","0","808,400,000","22,534,458",2003
"454","Oklahoma","570","304,000","290,073,000","7,678,074",2003
"455","Oregon","219","97,000","448,060,000","22,734,082",2003
"456","Pennsylvania","693","47,000","2,039,389,000","30,155,540",2003
"457","Rhode Island","36","2,843,000","303,740,000","45,728,833",2003
"458","South Carolina","96","758,000","554,595,000","62,757,781",2003
"459","South Dakota","174","141,000","141,439,000","5,711,626",2003
"460","Tennessee","138","1,870,000","944,116,000","46,975,877",2003
"461","Texas","1,236","36,000","1,815,578,000","30,486,282",2003
"462","Utah","53","29,000","404,544,000","55,982,075",2003
"463","Vermont","332","12,000","42,175,000","4,340,244",2003
"464","Virginia","134","2,889,000","1,776,771,000","80,199,097",2003
"465","Washington","296","154,000","480,198,000","29,737,794",2003
"466","West Virginia","55","8,884,000","269,978,000","45,898,982",2003
"467","Wisconsin","430","791,000","1,152,989,000","21,228,556",2003
"468","Wyoming","48","1,944,000","112,689,000","19,073,229",2003
"469","National","16,498","$0 ","$15,739,985,000 ","$29,313,845 ",2004
"470","Alabama","130","2,401,000","474,814,000","41,925,146",2004
"471","Alaska","53","589,000","559,627,000","31,080,189",2004
"472","Arizona","569","6,000","468,828,000","12,608,480",2004
"473","Arkansas","328","352,000","269,709,000","10,806,732",2004
"474","California","1,089","3,000","8,206,329,000","57,527,964",2004
"475","Colorado","197","283,000","772,847,000","34,872,970",2004
"476","Connecticut","186","0","375,551,000","38,236,387",2004
"477","Delaware","32","1,156,000","231,797,000","44,371,813",2004
"478","District of Columbia","26","991,138","1,087,040,000","47,326,364",2004
"479","Florida","67","8,317,000","3,131,953,000","326,809,254",2004
"480","Georgia","196","2,117,000","1,215,701,000","70,304,490",2004
"481","Hawaii","1","1,734,591,000","1,734,591,000","1,734,591,000",2004
"482","Idaho","114","85,000","194,394,000","15,306,614",2004
"483","Illinois","1,024","15,000","4,224,772,000","21,175,483",2004
"484","Indiana","334","0","493,922,000","30,953,787",2004
"485","Iowa","382","661,000","331,919,000","11,631,647",2004
"486","Kansas","301","655,000","417,141,000","13,229,355",2004
"487","Kentucky","176","1,349,000","847,073,000","29,885,847",2004
"488","Louisiana","68","11,231,000","531,254,000","83,949,044",2004
"489","Maine","294","1,000","88,412,000","7,793,109",2004
"490","Maryland","24","27,839,000","1,720,288,000","371,747,417",2004
"491","Massachusetts","393","0","1,042,803,000","30,618,410",2004
"492","Michigan","804","96,000","2,021,123,000","24,982,274",2004
"493","Minnesota","512","7,000","614,401,000","17,799,350",2004
"494","Mississippi","152","2,504,000","225,201,000","22,854,789",2004
"495","Missouri","524","456,000","495,017,000","15,069,538",2004
"496","Montana","469","5,000","67,307,000","2,646,945",2004
"497","Nebraska","519","0","445,152,000","5,140,630",2004
"498","Nevada","17","1,611,000","2,291,888,000","189,918,765",2004
"499","New Hampshire","176","45,000","137,889,000","12,704,602",2004
"500","New Jersey","658","104,000","951,512,000","32,851,220",2004
"501","New Mexico","89","1,353,000","729,651,000","32,389,112",2004
"502","New York","702","338,000","15,739,985,000","61,369,272",2004
"503","North Carolina","210","289,000","1,019,823,000","49,582,657",2004
"504","North Dakota","239","65,000","95,874,000","4,006,192",2004
"505","Ohio","904","21,000","821,888,000","21,814,024",2004
"506","Oklahoma","573","0","301,359,000","7,679,003",2004
"507","Oregon","219","125,000","447,490,000","24,629,548",2004
"508","Pennsylvania","700","59,000","2,421,758,000","31,972,793",2004
"509","Rhode Island","41","761,000","331,800,000","42,772,268",2004
"510","South Carolina","96","649,000","621,286,000","63,939,906",2004
"511","South Dakota","172","129,000","155,307,000","5,884,279",2004
"512","Tennessee","136","2,270,000","950,659,000","49,548,537",2004
"513","Texas","1,245","30,000","1,749,949,000","30,959,336",2004
"514","Utah","62","14,000","419,246,000","49,712,081",2004
"515","Vermont","332","11,000","44,940,000","4,669,181",2004
"516","Virginia","134","3,042,000","1,887,675,000","85,104,888",2004
"517","Washington","296","161,000","484,167,000","30,439,122",2004
"518","West Virginia","55","8,772,000","266,933,000","47,345,382",2004
"519","Wisconsin","430","75,000","1,165,164,000","21,224,058",2004
"520","Wyoming","48","1,926,000","117,042,000","19,873,250",2004
"521","National","16,605","$0 ","$16,566,015,000 ","$30,696,884 ",2005
"522","Alabama","131","5,451,000","545,652,000","45,073,771",2005
"523","Alaska","53","533,000","591,659,000","33,051,283",2005
"524","Arizona","580","8,000","494,936,000","13,158,360",2005
"525","Arkansas","277","420,000","274,362,000","14,475,022",2005
"526","California","1,087","3,000","8,670,891,000","60,897,950",2005
"527","Colorado","198","534,000","790,799,000","36,789,293",2005
"528","Connecticut","188","0","427,560,000","39,794,239",2005
"529","Delaware","32","1,310,000","294,637,000","47,921,813",2005
"530","District of Columbia","37","1,029,000","1,085,658,000","35,307,541",2005
"531","Florida","67","8,595,000","3,439,247,000","356,074,806",2005
"532","Georgia","196","2,607,000","1,337,759,000","73,942,173",2005
"533","Hawaii","1","1,765,805,000","1,765,805,000","1,765,805,000",2005
"534","Idaho","117","101,000","212,797,000","15,651,000",2005
"535","Illinois","1,023","73,000","4,345,502,000","21,541,331",2005
"536","Indiana","331","263,000","561,681,000","33,560,317",2005
"537","Iowa","379","652,000","304,488,000","12,136,013",2005
"538","Kansas","300","922,000","417,092,000","13,588,657",2005
"539","Kentucky","176","1,389,000","888,518,000","32,674,267",2005
"540","Louisiana","68","9,546,000","536,414,000","87,375,897",2005
"541","Maine","293","2,000","90,454,000","7,935,857",2005
"542","Maryland","24","29,492,000","2,003,474,000","407,611,042",2005
"543","Massachusetts","404","0","1,039,801,000","31,500,700",2005
"544","Michigan","823","0","1,913,871,000","24,982,978",2005
"545","Minnesota","537","12,000","581,511,000","17,250,019",2005
"546","Mississippi","152","2,276,000","246,661,000","23,755,947",2005
"547","Missouri","524","527,000","472,081,000","15,593,445",2005
"548","Montana","465","5,000","73,492,000","2,727,587",2005
"549","Nebraska","505","8,000","410,944,000","5,363,913",2005
"550","Nevada","17","1,716,000","2,497,253,000","204,914,118",2005
"551","New Hampshire","176","36,000","145,978,000","13,257,182",2005
"552","New Jersey","661","122,000","959,550,000","35,082,575",2005
"553","New Mexico","89","1,533,000","769,337,000","33,839,281",2005
"554","New York","699","346,000","16,566,015,000","64,683,564",2005
"555","North Carolina","212","424,000","1,056,103,000","52,354,014",2005
"556","North Dakota","237","69,000","109,428,000","4,158,236",2005
"557","Ohio","983","20,000","786,206,000","20,631,937",2005
"558","Oklahoma","573","0","342,306,000","8,352,508",2005
"559","Oregon","218","150,000","484,701,000","25,676,968",2005
"560","Pennsylvania","712","48,000","2,531,423,000","33,157,653",2005
"561","Rhode Island","41","999,000","351,196,000","46,204,780",2005
"562","South Carolina","97","721,000","825,158,000","67,754,546",2005
"563","South Dakota","168","126,000","161,115,000","6,305,375",2005
"564","Tennessee","136","2,453,000","974,914,000","51,967,066",2005
"565","Texas","1,245","153,000","1,848,956,000","32,735,876",2005
"566","Utah","76","5,000","459,152,000","42,376,276",2005
"567","Vermont","334","14,000","47,778,000","4,893,856",2005
"568","Virginia","134","3,691,000","2,038,156,000","92,426,545",2005
"569","Washington","296","173,000","535,005,000","31,755,416",2005
"570","West Virginia","55","9,309,000","278,247,000","49,067,327",2005
"571","Wisconsin","430","59,000","1,197,722,000","21,938,377",2005
"572","Wyoming","48","2,212,000","137,328,000","21,533,396",2005
"573","National","16,644","$0 ","$18,584,181,000 ","$32,454,398 ",2006
"574","Alabama","131","6,048,000","572,066,000","50,316,252",2006
"575","Alaska","53","527,000","618,773,000","34,295,396",2006
"576","Arizona","577","8,000","530,985,000","14,687,024",2006
"577","Arkansas","275","325,000","289,758,000","15,834,356",2006
"578","California","1,085","3,000","9,138,581,000","63,340,491",2006
"579","Colorado","199","503,000","867,642,000","39,227,643",2006
"580","Connecticut","191","0","481,350,000","41,952,681",2006
"581","Delaware","36","211,000","338,080,000","47,321,889",2006
"582","District of Columbia","44","727,000","1,081,887,000","28,718,591",2006
"583","Florida","67","9,322,000","3,893,123,000","397,151,567",2006
"584","Georgia","196","2,679,000","1,493,189,000","80,812,383",2006
"585","Hawaii","1","1,939,968,000","1,939,968,000","1,939,968,000",2006
"586","Idaho","122","108,000","213,656,000","15,763,484",2006
"587","Illinois","1,016","0","4,455,185,000","22,269,024",2006
"588","Indiana","330","346,000","553,292,000","34,240,221",2006
"589","Iowa","377","1,082,000","340,319,000","13,078,549",2006
"590","Kansas","296","1,030,000","463,263,000","14,996,622",2006
"591","Kentucky","176","1,471,000","942,280,000","34,732,830",2006
"592","Louisiana","68","9,409,000","467,808,000","88,708,559",2006
"593","Maine","296","2,000","93,027,000","8,045,402",2006
"594","Maryland","24","36,267,000","2,099,080,000","441,053,833",2006
"595","Massachusetts","397","0","1,132,560,000","34,014,159",2006
"596","Michigan","833","89,000","1,634,001,000","24,892,092",2006
"597","Minnesota","546","6,000","584,352,000","18,112,879",2006
"598","Mississippi","152","2,426,000","269,348,000","26,750,237",2006
"599","Missouri","524","550,000","479,064,000","16,516,550",2006
"600","Montana","458","11,000","84,173,000","3,007,858",2006
"601","Nebraska","477","3,000","447,072,000","6,011,006",2006
"602","Nevada","17","2,022,000","2,898,553,000","236,645,824",2006
"603","New Hampshire","177","38,000","151,762,000","14,092,006",2006
"604","New Jersey","664","149,000","1,064,086,000","36,677,628",2006
"605","New Mexico","89","1,444,000","831,890,000","34,828,517",2006
"606","New York","698","211,000","18,584,181,000","69,460,119",2006
"607","North Carolina","214","39,000","1,173,179,000","55,712,687",2006
"608","North Dakota","229","67,000","124,320,000","4,441,415",2006
"609","Ohio","1,019","3,000","863,053,000","20,775,335",2006
"610","Oklahoma","574","0","374,491,000","8,875,775",2006
"611","Oregon","218","75,000","461,061,000","24,707,009",2006
"612","Pennsylvania","719","126,000","2,607,832,000","34,377,905",2006
"613","Rhode Island","44","947,000","383,202,000","45,519,977",2006
"614","South Carolina","97","766,000","783,897,000","73,691,577",2006
"615","South Dakota","168","43,000","154,866,000","6,263,780",2006
"616","Tennessee","136","2,580,000","1,021,710,000","54,377,625",2006
"617","Texas","1,246","50,000","2,001,122,000","35,238,754",2006
"618","Utah","90","14,000","465,233,000","38,218,289",2006
"619","Vermont","335","0","50,537,000","5,154,710",2006
"620","Virginia","134","3,785,000","2,199,898,000","100,606,985",2006
"621","Washington","296","180,000","552,617,000","33,498,706",2006
"622","West Virginia","55","9,363,000","284,693,000","51,865,582",2006
"623","Wisconsin","430","1,038,000","1,151,958,000","22,743,353",2006
"624","Wyoming","48","2,450,000","150,522,000","23,885,979",2006
"625","National","16,394","$0 ","$20,144,661,000 ","$35,074,095 ",2007
"626","Alabama","131","6,781,000","606,687,000","54,934,802",2007
"627","Alaska","53","545,000","587,025,000","36,580,283",2007
"628","Arizona","573","4,000","593,648,000","16,243,162",2007
"629","Arkansas","268","312,000","321,963,000","17,288,649",2007
"630","California","1,085","10,000","9,486,984,000","67,494,460",2007
"631","Colorado","200","58,000","886,873,000","40,166,350",2007
"632","Connecticut","192","0","481,793,000","45,504,792",2007
"633","Delaware","36","1,086,000","280,310,000","49,350,944",2007
"634","District of Columbia","50","829,000","1,140,506,000","29,141,320",2007
"635","Florida","67","10,917,000","4,598,637,000","445,520,776",2007
"636","Georgia","196","2,777,000","1,556,471,000","88,705,898",2007
"637","Hawaii","1","2,199,604,000","2,199,604,000","2,199,604,000",2007
"638","Idaho","125","100,000","231,899,000","15,906,384",2007
"639","Illinois","1,012","48,000","4,571,863,000","23,360,747",2007
"640","Indiana","330","109,000","563,166,000","34,851,073",2007
"641","Iowa","376","1,132,000","376,387,000","13,827,061",2007
"642","Kansas","296","892,000","525,079,000","16,296,855",2007
"643","Kentucky","175","1,462,000","999,852,000","36,295,063",2007
"644","Louisiana","87","1,634,000","477,868,000","78,229,655",2007
"645","Maine","298","2,000","99,024,000","8,393,044",2007
"646","Maryland","24","34,785,000","2,177,458,000","480,884,375",2007
"647","Massachusetts","332","139,000","1,229,316,000","42,894,819",2007
"648","Michigan","837","76,000","1,536,701,000","24,984,717",2007
"649","Minnesota","552","5,000","606,042,000","18,596,460",2007
"650","Mississippi","152","2,253,000","275,020,000","27,360,086",2007
"651","Missouri","540","510,000","420,248,000","17,176,998",2007
"652","Montana","452","10,000","78,271,000","3,191,226",2007
"653","Nebraska","271","1,260,000","454,528,000","11,419,229",2007
"654","Nevada","17","1,960,000","3,184,177,000","255,668,882",2007
"655","New Hampshire","174","62,000","155,553,000","14,989,598",2007
"656","New Jersey","665","95,000","1,123,163,000","38,757,744",2007
"657","New Mexico","89","1,405,000","902,192,000","36,847,944",2007
"658","New York","698","0","20,144,661,000","73,624,394",2007
"659","North Carolina","208","387,000","1,262,116,000","62,542,149",2007
"660","North Dakota","223","79,000","116,554,000","4,673,430",2007
"661","Ohio","1,032","35,000","900,413,000","21,291,090",2007
"662","Oklahoma","569","437,000","372,391,000","9,675,243",2007
"663","Oregon","217","80,000","484,798,000","25,968,968",2007
"664","Pennsylvania","721","63,000","2,687,414,000","36,487,086",2007
"665","Rhode Island","44","1,501,000","396,313,000","47,830,341",2007
"666","South Carolina","96","779,000","785,218,000","80,474,146",2007
"667","South Dakota","168","64,000","168,006,000","6,571,583",2007
"668","Tennessee","136","2,475,000","1,077,655,000","57,482,787",2007
"669","Texas","1,240","56,000","1,994,588,000","37,538,399",2007
"670","Utah","91","325,000","491,361,000","41,576,923",2007
"671","Vermont","334","30,000","58,289,000","5,440,994",2007
"672","Virginia","134","3,974,000","2,343,558,000","109,707,858",2007
"673","Washington","296","169,000","597,094,000","36,089,179",2007
"674","West Virginia","55","9,846,000","303,838,000","54,241,218",2007
"675","Wisconsin","428","115,000","1,142,577,000","23,338,500",2007
"676","Wyoming","48","2,543,000","180,696,000","28,965,500",2007
"677","National","16,453","$0 ","$21,848,614,000 ","$37,064,380 ",2008
"678","Alabama","132","5,735,000","631,547,000","59,449,902",2008
"679","Alaska","53","593,000","693,415,000","42,921,113",2008
"680","Arizona","581","5,000","603,146,000","17,612,320",2008
"681","Arkansas","264","377,000","347,734,000","17,906,409",2008
"682","California","1,084","6,000","10,244,106,000","70,687,085",2008
"683","Colorado","199","674,000","1,236,973,000","44,841,327",2008
"684","Connecticut","193","0","464,988,000","47,188,440",2008
"685","Delaware","36","1,894,000","280,884,000","50,866,556",2008
"686","District of Columbia","54","964,000","1,224,785,000","30,543,370",2008
"687","Florida","67","12,146,000","4,624,086,000","465,964,015",2008
"688","Georgia","197","2,602,000","1,889,054,000","97,345,320",2008
"689","Hawaii","1","2,242,408,000","2,242,408,000","2,242,408,000",2008
"690","Idaho","129","130,000","237,138,000","15,793,674",2008
"691","Illinois","1,008","61,000","4,941,544,000","25,496,064",2008
"692","Indiana","330","302,000","510,246,000","33,083,942",2008
"693","Iowa","374","1,123,000","388,799,000","14,694,535",2008
"694","Kansas","295","833,000","546,969,000","17,362,878",2008
"695","Kentucky","174","1,824,000","1,042,775,000","39,041,466",2008
"696","Louisiana","95","1,382,000","548,542,000","81,708,611",2008
"697","Maine","295","0","99,986,000","8,753,536",2008
"698","Maryland","24","34,802,000","2,480,429,000","530,820,542",2008
"699","Massachusetts","332","169,000","1,308,629,000","44,070,919",2008
"700","Michigan","839","96,000","1,432,456,000","24,845,163",2008
"701","Minnesota","556","12,000","611,597,000","19,393,023",2008
"702","Mississippi","152","2,463,000","282,929,000","28,705,974",2008
"703","Missouri","551","530,000","430,150,000","18,261,844",2008
"704","Montana","450","7,000","84,516,000","3,461,507",2008
"705","Nebraska","271","1,313,000","474,577,000","12,271,819",2008
"706","Nevada","17","1,810,000","3,664,948,000","287,130,471",2008
"707","New Hampshire","174","69,000","164,786,000","15,608,971",2008
"708","New Jersey","668","28,000","1,149,086,000","39,515,177",2008
"709","New Mexico","89","1,679,000","1,002,803,000","40,446,337",2008
"710","New York","698","0","21,848,614,000","78,814,377",2008
"711","North Carolina","213","558,000","1,447,518,000","65,652,892",2008
"712","North Dakota","218","77,000","113,622,000","4,981,514",2008
"713","Ohio","1,038","14,000","986,576,000","21,812,817",2008
"714","Oklahoma","568","384,000","383,964,000","9,978,431",2008
"715","Oregon","217","69,000","524,944,000","29,527,705",2008
"716","Pennsylvania","728","88,000","2,830,437,000","37,656,411",2008
"717","Rhode Island","44","1,633,000","409,088,000","49,976,273",2008
"718","South Carolina","96","949,000","733,942,000","85,075,646",2008
"719","South Dakota","165","108,000","181,378,000","7,064,570",2008
"720","Tennessee","136","2,768,000","1,148,578,000","62,415,596",2008
"721","Texas","1,246","50,000","1,968,836,000","40,874,581",2008
"722","Utah","98","363,000","601,025,000","46,317,265",2008
"723","Vermont","334","21,000","56,796,000","5,696,347",2008
"724","Virginia","134","4,243,000","2,466,402,000","113,703,776",2008
"725","Washington","304","183,000","648,122,000","38,413,375",2008
"726","West Virginia","55","10,023,000","308,295,000","55,798,364",2008
"727","Wisconsin","429","1,241,000","1,180,778,000","24,582,667",2008
"728","Wyoming","48","2,977,000","219,285,000","31,610,938",2008
"729","     Total","16,563","$0 ","$23,296,966,000 ","$37,680,260 ",2009
"730","Alabama","132","6,630,000","595,423,000","59,208,083",2009
"731","Alaska","53","624,000","737,118,000","45,215,321",2009
"732","Arizona","589","5,000","624,717,000","17,469,008",2009
"733","Arkansas","277","365,000","341,579,000","18,255,776",2009
"734","California","1,075","6,000","10,541,504,000","69,555,957",2009
"735","Colorado","215","286,000","880,900,000","41,028,200",2009
"736","Connecticut","195","0","489,852,000","48,193,754",2009
"737","Delaware","37","1,282,000","289,817,000","50,904,568",2009
"738","District of Columbia","56","294,000","805,362,000","22,107,018",2009
"739","Florida","67","11,324,000","3,993,706,000","430,857,149",2009
"740","Georgia","197","2,120,000","1,878,490,000","96,602,289",2009
"741","Hawaii","1","2,318,671,000","2,318,671,000","2,318,671,000",2009
"742","Idaho","131","107,000","247,794,000","16,190,321",2009
"743","Illinois","1,006","189,000","5,543,642,000","27,551,404",2009
"744","Indiana","330","285,000","547,158,000","34,186,258",2009
"745","Iowa","372","1,084,000","381,696,000","15,409,102",2009
"746","Kansas","293","827,000","584,111,000","19,889,935",2009
"747","Kentucky","174","1,886,000","1,063,418,000","39,258,655",2009
"748","Louisiana","104","233,000","593,265,000","79,523,452",2009
"749","Maine","288","0","103,805,000","9,177,601",2009
"750","Maryland","24","35,706,000","2,252,176,000","531,566,625",2009
"751","Massachusetts","392","207,000","1,195,636,000","39,508,133",2009
"752","Michigan","839","32,000","1,326,638,000","24,987,771",2009
"753","Minnesota","560","7,000","615,654,000","20,666,480",2009
"754","Mississippi","152","2,514,000","289,148,000","29,952,342",2009
"755","Missouri","551","530,000","457,251,000","18,913,020",2009
"756","Montana","447","6,000","82,962,000","3,629,720",2009
"757","Nebraska","271","1,396,000","508,044,000","13,002,963",2009
"758","Nevada","17","2,058,000","3,290,531,000","269,287,118",2009
"759","New Hampshire","175","80,000","165,095,000","15,756,577",2009
"760","New Jersey","673","32,000","1,151,866,000","39,290,088",2009
"761","New Mexico","93","1,678,000","1,213,761,000","42,536,452",2009
"762","New York","696","0","23,296,966,000","83,322,361",2009
"763","North Carolina","212","613,000","1,620,152,000","71,528,179",2009
"764","North Dakota","217","0","122,550,000","5,249,143",2009
"765","Ohio","1,040","18,000","928,171,000","22,330,941",2009
"766","Oklahoma","563","443,000","394,776,000","10,553,817",2009
"767","Oregon","217","96,000","518,628,000","30,944,751",2009
"768","Pennsylvania","730","79,000","2,762,022,000","38,670,830",2009
"769","Rhode Island","44","1,811,000","436,426,000","50,952,523",2009
"770","South Carolina","97","952,000","712,303,000","87,080,732",2009
"771","South Dakota","161","97,000","192,635,000","7,779,913",2009
"772","Tennessee","136","2,717,000","1,124,229,000","63,317,485",2009
"773","Texas","1,251","82,000","2,081,971,000","43,520,056",2009
"774","Utah","112","0","667,668,000","41,613,741",2009
"775","Vermont","331","9,000","61,937,000","5,064,432",2009
"776","Virginia","134","4,337,000","2,490,174,000","115,748,642",2009
"777","Washington","304","218,000","697,142,000","40,265,237",2009
"778","West Virginia","55","10,318,000","309,692,000","56,758,691",2009
"779","Wisconsin","429","1,296,000","1,232,115,000","25,362,424",2009
"780","Wyoming","48","2,780,000","258,398,000","34,544,917",2009
"781","     Total","16,527","$0 ","$24,597,709,000 ","$37,693,081 ",2010
"782","Alabama","132","5,819,000","581,520,000","57,936,144",2010
"783","Alaska","53","635,000","755,014,000","44,689,377",2010
"784","Arizona","615","1,000","578,202,000","15,745,475",2010
"785","Arkansas","277","473,000","355,803,000","20,102,513",2010
"786","California","1,071","9,000","9,735,797,000","66,510,837",2010
"787","Colorado","198","599,000","1,005,375,000","45,317,429",2010
"788","Connecticut","195","0","589,034,000","49,426,205",2010
"789","Delaware","40","125,000","273,681,000","46,264,300",2010
"790","District of Columbia","57","1,040,000","1,290,048,000","31,195,123",2010
"791","Florida","67","12,115,000","3,668,809,000","406,970,284",2010
"792","Georgia","197","1,942,000","1,711,261,000","90,756,523",2010
"793","Hawaii","1","2,215,458,000","2,215,458,000","2,215,458,000",2010
"794","Idaho","137","110,000","243,649,000","15,722,190",2010
"795","Illinois","1,005","135,000","5,363,330,000","28,419,296",2010
"796","Indiana","378","40,000","556,118,000","30,907,132",2010
"797","Iowa","371","933,000","390,264,000","16,014,687",2010
"798","Kansas","289","1,313,000","638,856,000","20,690,066",2010
"799","Kentucky","174","1,529,000","1,105,167,000","40,759,029",2010
"800","Louisiana","113","658,000","582,364,000","74,213,142",2010
"801","Maine","242","1,000","115,662,000","11,106,624",2010
"802","Maryland","24","35,606,000","2,579,354,000","550,237,125",2010
"803","Massachusetts","329","383,000","1,198,589,000","45,160,556",2010
"804","Michigan","847","96,000","1,319,743,000","24,810,438",2010
"805","Minnesota","553","6,000","612,020,000","19,826,251",2010
"806","Mississippi","152","2,519,000","342,154,000","29,633,270",2010
"807","Missouri","555","540,000","413,743,000","18,646,366",2010
"808","Montana","443","7,000","88,524,000","3,708,546",2010
"809","Nebraska","270","1,603,000","545,174,000","13,482,219",2010
"810","Nevada","18","2,226,000","3,053,058,000","238,846,389",2010
"811","New Hampshire","176","75,000","162,917,000","16,232,756",2010
"812","New Jersey","668","51,000","1,129,720,000","40,518,430",2010
"813","New Mexico","109","43,000","1,112,328,000","35,265,349",2010
"814","New York","697","0","24,597,709,000","86,384,700",2010
"815","North Carolina","211","653,000","1,529,792,000","68,676,175",2010
"816","North Dakota","213","94,000","150,080,000","5,950,357",2010
"817","Ohio","1,030","21,000","936,582,000","23,053,236",2010
"818","Oklahoma","565","359,000","392,530,000","10,578,469",2010
"819","Oregon","217","85,000","543,852,000","29,484,171",2010
"820","Pennsylvania","737","27,000","2,950,542,000","39,603,387",2010
"821","Rhode Island","46","770,000","451,617,000","49,459,109",2010
"822","South Carolina","98","949,000","674,303,000","84,677,010",2010
"823","South Dakota","156","321,000","201,426,000","8,215,590",2010
"824","Tennessee","136","2,656,000","1,153,095,000","64,414,463",2010
"825","Texas","1,255","71,000","2,174,637,000","43,703,907",2010
"826","Utah","111","467,000","503,587,000","41,510,405",2010
"827","Vermont","330","8,000","69,095,000","5,261,982",2010
"828","Virginia","134","3,908,000","2,387,209,000","111,342,022",2010
"829","Washington","304","357,000","728,773,000","38,884,257",2010
"830","West Virginia","55","11,537,000","342,409,000","63,356,236",2010
"831","Wisconsin","428","1,369,000","1,260,663,000","25,973,881",2010
"832","Wyoming","48","3,106,000","238,378,000","35,337,021",2010
"833","National","16,530","$0 ","$23,884,430,000 ","$37,325,551 ",2011
"834","Alabama","132","6,064,000","581,480,000","56,149,758",2011
"835","Alaska","53","719,000","768,723,000","46,036,151",2011
"836","Arizona","610","4,000","547,057,000","15,717,166",2011
"837","Arkansas","271","519,000","386,146,000","21,110,616",2011
"838","California","1,070","10,000","9,337,246,000","65,340,337",2011
"839","Colorado","197","671,000","1,101,773,000","44,386,558",2011
"840","Connecticut","194","0","471,360,000","49,202,624",2011
"841","Delaware","40","114,000","292,123,000","47,672,300",2011
"842","District of Columbia","50","1,665,000","1,297,175,000","38,173,760",2011
"843","Florida","67","11,695,000","3,611,956,000","402,864,866",2011
"844","Georgia","197","2,209,000","1,622,360,000","87,497,746",2011
"845","Hawaii","1","2,259,104,000","2,259,104,000","2,259,104,000",2011
"846","Idaho","141","103,000","220,261,000","14,314,567",2011
"847","Illinois","1,005","71,000","5,723,310,000","28,388,494",2011
"848","Indiana","383","140,000","565,152,000","29,598,392",2011
"849","Iowa","367","896,000","404,544,000","16,504,888",2011
"850","Kansas","286","1,146,000","723,975,000","19,797,713",2011
"851","Kentucky","174","1,537,000","1,174,757,000","41,688,724",2011
"852","Louisiana","117","533,000","624,259,000","72,921,060",2011
"853","Maine","247","1,000","112,790,000","11,085,773",2011
"854","Maryland","24","33,202,000","2,496,790,000","551,987,375",2011
"855","Massachusetts","329","387,000","1,225,600,000","46,054,559",2011
"856","Michigan","846","95,000","1,441,082,000","23,099,863",2011
"857","Minnesota","554","2,000","610,394,000","19,921,588",2011
"858","Mississippi","152","2,257,000","319,241,000","28,590,678",2011
"859","Missouri","558","609,000","388,078,000","18,060,679",2011
"860","Montana","440","9,000","93,897,000","3,765,125",2011
"861","Nebraska","267","1,608,000","561,788,000","13,769,011",2011
"862","Nevada","18","2,507,000","3,022,858,000","239,361,500",2011
"863","New Hampshire","174","60,000","173,696,000","17,248,529",2011
"864","New Jersey","673","69,000","1,055,182,000","38,767,282",2011
"865","New Mexico","110","1,037,000","1,021,767,000","33,991,027",2011
"866","New York","696","0","23,884,430,000","85,616,068",2011
"867","North Carolina","214","705,000","1,336,964,000","66,092,220",2011
"868","North Dakota","211","103,000","152,286,000","6,219,081",2011
"869","Ohio","1,055","32,000","916,172,000","22,872,119",2011
"870","Oklahoma","539","205,000","444,830,000","10,488,705",2011
"871","Oregon","217","106,000","554,184,000","29,113,525",2011
"872","Pennsylvania","744","147,000","3,142,979,000","40,274,633",2011
"873","Rhode Island","51","734,000","421,683,000","45,918,176",2011
"874","South Carolina","97","973,000","655,980,000","82,962,608",2011
"875","South Dakota","160","18,000","196,951,000","8,441,356",2011
"876","Tennessee","136","2,945,000","1,187,591,000","65,892,963",2011
"877","Texas","1,242","332,000","2,296,500,000","43,371,225",2011
"878","Utah","117","408,000","536,028,000","38,734,530",2011
"879","Vermont","328","8,000","79,356,000","5,301,470",2011
"880","Virginia","134","3,998,000","2,470,926,000","109,521,007",2011
"881","Washington","304","181,000","680,031,000","39,238,184",2011
"882","West Virginia","63","2,722,000","364,009,000","58,255,857",2011
"883","Wisconsin","427","1,379,000","1,298,621,000","26,793,251",2011
"884","Wyoming","48","3,037,000","213,359,000","34,517,708",2011
"885","National","16,728","$0 ","$24,814,225,000 ","$36,842,702 ",2012
"886","Alabama","132","5,640,000","573,397,000","54,713,341",2012
"887","Alaska","53","860,000","777,227,000","46,855,094",2012
"888","Arizona","621","6,000","517,772,000","14,669,163",2012
"889","Arkansas","271","672,000","365,394,000","21,108,096",2012
"890","California","1,075","10,000","8,898,332,000","65,400,674",2012
"891","Colorado","197","648,000","1,052,787,000","43,399,741",2012
"892","Connecticut","194","299,000","502,538,000","51,020,567",2012
"893","Delaware","41","1,436,000","303,963,000","49,589,293",2012
"894","District of Columbia","61","0","1,189,542,000","30,670,115",2012
"895","Florida","67","10,528,000","3,407,559,000","378,388,761",2012
"896","Georgia","208","1,053,000","1,590,201,000","84,177,365",2012
"897","Hawaii","1","2,344,733,000","2,344,733,000","2,344,733,000",2012
"898","Idaho","145","100,000","213,270,000","13,625,717",2012
"899","Illinois","1,000","168,000","5,741,225,000","29,166,923",2012
"900","Indiana","387","13,000","591,308,000","30,124,416",2012
"901","Iowa","360","862,000","415,927,000","17,380,350",2012
"902","Kansas","286","1,235,000","638,760,000","19,635,364",2012
"903","Kentucky","174","1,610,000","1,258,019,000","42,784,649",2012
"904","Louisiana","123","1,212,000","647,475,000","72,566,447",2012
"905","Maine","244","4,000","109,323,000","10,843,885",2012
"906","Maryland","24","31,977,000","2,646,912,000","550,505,833",2012
"907","Massachusetts","400","315,000","1,252,519,000","40,226,968",2012
"908","Michigan","858","103,000","1,231,375,000","22,375,718",2012
"909","Minnesota","552","2,000","623,918,000","20,212,284",2012
"910","Mississippi","152","2,308,000","289,523,000","29,100,461",2012
"911","Missouri","560","609,000","390,955,000","18,091,566",2012
"912","Montana","435","47,000","95,434,000","3,798,936",2012
"913","Nebraska","265","1,595,000","613,168,000","14,643,460",2012
"914","Nevada","18","2,861,000","2,859,780,000","232,511,056",2012
"915","New Hampshire","174","55,000","177,482,000","17,021,172",2012
"916","New Jersey","695","0","1,092,654,000","38,786,525",2012
"917","New Mexico","115","392,000","983,498,000","31,894,522",2012
"918","New York","693","256,000","24,814,225,000","87,088,981",2012
"919","North Carolina","215","606,000","1,353,430,000","64,071,023",2012
"920","North Dakota","210","115,000","146,445,000","6,574,110",2012
"921","Ohio","1,092","11,000","936,473,000","21,868,803",2012
"922","Oklahoma","534","223,000","405,916,000","10,572,165",2012
"923","Oregon","216","48,000","568,932,000","29,231,907",2012
"924","Pennsylvania","764","85,000","2,813,912,000","38,226,058",2012
"925","Rhode Island","49","1,150,000","430,099,000","47,516,878",2012
"926","South Carolina","96","978,000","674,602,000","84,115,583",2012
"927","South Dakota","160","18,000","205,598,000","8,106,069",2012
"928","Tennessee","136","2,659,000","1,190,720,000","68,062,662",2012
"929","Texas","1,245","435,000","2,355,857,000","41,368,620",2012
"930","Utah","126","44,000","588,361,000","37,239,341",2012
"931","Vermont","328","7,000","73,560,000","5,314,662",2012
"932","Virginia","134","3,892,000","2,574,460,000","112,906,448",2012
"933","Washington","304","224,000","624,241,000","40,091,740",2012
"934","West Virginia","63","2,653,000","335,378,000","56,142,397",2012
"935","Wisconsin","427","1,270,000","1,187,745,000","25,115,637",2012
"936","Wyoming","48","3,293,000","216,877,000","34,806,833",2012
"937","National","16,904","$0 ","$26,009,861,000 ","$37,772,850 ",2014
"938","Alabama","136","5,017,000","580,513,000","56,261,816",2014
"939","Alaska","53","546,000","820,088,000","51,453,887",2014
"940","Arizona","641","0","565,518,000","14,605,493",2014
"941","Arkansas","270","531,000","372,346,000","19,701,144",2014
"942","California","1,065","10,000","8,535,364,000","68,131,712",2014
"943","Colorado","198","730,000","1,295,956,000","47,314,015",2014
"944","Connecticut","195","326,000","505,723,000","52,978,851",2014
"945","Delaware","41","23,000","317,247,000","51,595,561",2014
"946","District of Columbia","63","322,000","1,390,702,000","34,285,810",2014
"947","Florida","67","10,691,000","3,591,389,000","395,875,493",2014
"948","Georgia","209","1,229,000","1,789,145,000","85,246,967",2014
"949","Hawaii","1","2,515,036,000","2,515,036,000","2,515,036,000",2014
"950","Idaho","148","141,000","232,033,000","14,100,365",2014
"951","Illinois","995","14,000","6,253,045,000","31,349,861",2014
"952","Indiana","401","10,000","442,943,000","28,697,596",2014
"953","Iowa","353","1,186,000","448,107,000","18,531,312",2014
"954","Kansas","285","1,357,000","623,082,000","19,830,635",2014
"955","Kentucky","173","1,910,000","1,251,707,000","42,463,694",2014
"956","Louisiana","126","1,174,000","561,616,000","68,907,833",2014
"957","Maine","254","1,000","123,658,000","10,490,114",2014
"958","Maryland","24","32,172,000","2,675,677,000","571,368,292",2014
"959","Massachusetts","405","320,000","1,361,931,000","42,319,444",2014
"960","Michigan","892","106,000","841,436,000","21,052,697",2014
"961","Minnesota","547","4,000","673,902,000","21,682,139",2014
"962","Mississippi","154","934,000","260,872,000","29,031,325",2014
"963","Missouri","558","573,000","407,351,000","18,950,903",2014
"964","Montana","434","7,000","112,175,000","4,042,221",2014
"965","Nebraska","266","1,680,000","620,169,000","15,070,049",2014
"966","Nevada","19","2,233,000","2,833,723,000","218,725,000",2014
"967","New Hampshire","175","45,000","169,746,000","16,893,177",2014
"968","New Jersey","689","0","1,117,846,000","41,066,373",2014
"969","New Mexico","144","434,000","1,022,949,000","27,362,667",2014
"970","New York","690","171,000","26,009,861,000","90,853,230",2014
"971","North Carolina","243","163,000","1,433,164,000","57,709,720",2014
"972","North Dakota","206","116,000","185,465,000","7,793,709",2014
"973","Ohio","1,125","0","901,080,000","20,539,188",2014
"974","Oklahoma","532","82,000","476,965,000","11,360,259",2014
"975","Oregon","216","81,000","612,241,000","29,877,940",2014
"976","Pennsylvania","773","72,000","2,741,964,000","39,304,492",2014
"977","Rhode Island","59","1,869,000","431,088,000","40,878,932",2014
"978","South Carolina","94","1,064,000","753,089,000","92,559,926",2014
"979","South Dakota","159","17,000","235,177,000","8,524,774",2014
"980","Tennessee","136","2,499,000","1,500,068,000","69,359,434",2014
"981","Texas","1,251","0","2,203,186,000","43,782,594",2014
"982","Utah","140","38,000","509,967,000","34,517,493",2014
"983","Vermont","324","4,000","82,318,000","5,877,191",2014
"984","Virginia","133","3,767,000","2,847,787,000","117,973,263",2014
"985","Washington","304","187,000","691,235,000","42,125,987",2014
"986","West Virginia","63","2,795,000","336,646,000","55,553,540",2014
"987","Wisconsin","427","1,209,000","1,148,215,000","26,358,749",2014
"988","Wyoming","48","3,325,000","246,350,000","36,999,979",2014
